1,Budi Santoso,budi.santoso@gmail.com,08123456789,12/05/2024,active
4,Dedi Setiadi,budi.santoso@gmail.com,08123456789,15/08/2024,aktive
5,EKA PUTRI,eka.putri@gmail.com,08155566778,2024-09-20,BANNED
6,Fajar Nugraha,fajar.n@gmail.com,08199988776,05-11-24,INACTIVE
9,BELLA PUTRI,b.putri@gmail.com,08275172253,2024-10-19,banned
10,Ani Anggraini,ani10@gmail.com,08078507196,15/12/2024,active
11,Maman Handayani,budi.santoso@gmail.com,08123456789,23-12-2024,actve
14,budi santoso,budi_sant@gmail.com,08994360314,10-04-25,INACTIVE
15,Lina Yuliana,lina_yuli@gmail.com,08893711437,13/07/2024,ACTIVE
18,Maman Siregar,maman.sir18@gmail.com,08088298256,30/01/2025,inactive
22,hani Saputra,maman.sir18@gmail.com,08088298256,05/02/2025,INACTIVE
26,Maman Yuliana,maman.yul26@gmail.com,08250846692,11/06/25,active
31,Teguh Pangestu,teguh.pangestu@gmail.com,08749952986,05-02-2025,banned
37,jihan ramadhani,jihan.ram37@gmail.com,08859056311,22/03/2025,Active
39,Joko Kurniawan,joko.kur39@gmail.com,08848782816,25-01-25,actve
40,Salsa Rahmawati,salsa40@gmail.com,08114534616,2025-04-03,actve
42,Salsa Pratama,salsa.pra42@gmail.com,08273549162,27-11-24,inactive
43,BELLA SAPUTRA,b.saputra@gmail.com,08112273804,28-05-2024,active
50,Maman Anggraini,m.anggraini@gmail.com,08808525751,21-03-2025,Active
52,Mila Aditya,mila.aditya@gmail.com,08656953616,17-05-25,active
59,Dian Kusuma,dian_kusu@gmail.com,08634846728,07/07/24,BANNED
60,Umar Hamzah,umar.hamzah@gmail.com,08954649213,2025-01-21,INACTIVE
69,LUKMAN PUTRI,l.putri@gmail.com,08880338083,03/06/24,banned
84,Indra Syahputra,i.syahputra@gmail.com,08370236335,25/06/24,active
85,oki permana,i.syahputra@gmail.com,08370236335,13/10/2024,baned
92,Nina Hamzah,nina.hamzah@gmail.com,08167550213,30/04/2025,Active
94,Gani Anggraini,gani.anggraini@gmail.com,08027158799,21/02/2025,ACTIVE
101,Dedi Saputra,dedi101@gmail.com,08722578307,22-06-24,baned
102,Maman Ramadhani,i.syahputra@gmail.com,08370236335,2025-06-23,INACTIVE
104,GALIH MAULANA,galih104@gmail.com,08920902671,28/06/2024,baned
106,nina gunawan,nina.gunawan@gmail.com,08223610950,06-11-24,baned
107,ANI YULIANA,ani.yuliana@gmail.com,08079910344,24/03/25,Active
114,Bella Pangestu,b.pangestu@gmail.com,08131510327,17-06-2025,ACTIVE
118,Eka Aulia,eka.aulia@gmail.com,08557762983,01-01-2025,inactive
130,dedi permana,dedi_perm@gmail.com,08785435949,2024-05-30,inactve
131,Nando Saputra,nando.sap31@gmail.com,08516798355,10/06/25,INACTIVE
132,intan firmansyah,fajar.n@gmail.com,08199988776,17-08-24,baned
133,wawan Wijaya,w.wijaya@gmail.com,08476280105,30-05-2024,inactve
134,Fajar Siregar,fajar.sir34@gmail.com,08886100528,19/03/25,inactve
137,Lukman Santoso,lukman_sant@gmail.com,08902412062,10/03/2025,aktive
139,Cici Kurniawan,c.kurniawan@gmail.com,08162365799,25-07-2024,active
140,lina siregar,lina.siregar@gmail.com,08603190432,2024-09-04,actve
149,Budi Yuliana,b.yuliana@gmail.com,08439662973,04/05/2025,actve
160,Hani Wibowo,h.wibowo@gmail.com,08585513030,2024-12-31,actve
161,Candra Pangestu,candra161@gmail.com,08840892782,2024-06-25,Active
163,intan Santoso,intan.santoso@gmail.com,08993266779,08-09-2024,ACTIVE
168,Cici Yuliana,cici168@gmail.com,08979469982,01-07-2025,banned
177,Zaki Puspita,zaki_pusp@gmail.com,08506248935,04/01/2025,active
178,Candra Firmansyah,candra_firm@gmail.com,08292573749,10/05/2025,BANNED
179,Umar Kurniawan,umar.kurniawan@gmail.com,08764651013,31-07-2024,BANNED
182,Fitri Maharani,fitri182@gmail.com,08135689491,24/07/2024,inactive
184,Cici Santoso,c.santoso@gmail.com,08003299855,24-01-2025,Active
188,Eka Santoso,eka188@gmail.com,08565550411,18/01/2025,BANNED
189,Galih Firmansyah,galih.firmansyah@gmail.com,08437876021,23/08/2024,Active
200,dedi firmansyah,dedi200@gmail.com,08397579547,07/01/25,INACTIVE
227,Kiki Permana,k.permana@gmail.com,08697016679,29/07/24,baned
245,yani Rahmawati,yani245@gmail.com,08614249720,18/02/2025,Active
258,Mila Hamzah,mila258@gmail.com,08467092312,22-01-25,banned
261,OKTA HAMZAH,okta261@gmail.com,08020962270,27/06/24,actve
264,Hendra Aditya,intan.santoso@gmail.com,08993266779,28/08/24,banned
282,Qori Nugraha,qori_nugr@gmail.com,08657190903,22-10-24,ACTIVE
288,Asep Saputra,asep_sapu@gmail.com,08055743324,2024-08-29,inactve
293,Ani Aulia,ani.aul93@gmail.com,08561824984,31-10-2024,inactive
308,kiki kusuma,nina.hamzah@gmail.com,08167550213,05-11-2024,BANNED
311,gani ramadhani,gani.ramadhani@gmail.com,08094646386,29-06-2025,inactve
312,Nina Maulana,nina.maulana@gmail.com,08509401309,20-11-2024,active
314,Fajar Handayani,fajar.han14@gmail.com,08801698164,16-07-24,inactve
319,BELLA HERYANI,fajar.sir34@gmail.com,08886100528,19-06-24,inactive
322,Joko Syahputra,j.syahputra@gmail.com,08417963868,2025-06-03,active
328,Erwin Setiadi,e.setiadi@gmail.com,08580218398,29-04-25,actve
329,Okta Pangestu,okta.pangestu@gmail.com,08964322325,14-05-25,inactive
330,erwin lestari,budi.santoso@gmail.com,08123456789,02-02-2025,inactve
334,Mila Syahputra,mila334@gmail.com,08560957765,26-10-2024,aktive
336,jihan kurniawan,jihan336@gmail.com,08905766372,2024-10-07,aktive
341,Oki Anggraini,okta261@gmail.com,08020962270,04/11/2024,aktive
343,indra Gunawan,indra343@gmail.com,08854109513,03/08/2024,inactve
344,Eka Nugraha,eka.nugraha@gmail.com,08321275621,2025-05-26,inactive
345,Wawan Anggraini,w.anggraini@gmail.com,08108621893,30/12/24,actve
346,Budi Heryani,b.heryani@gmail.com,08200810888,14/05/2024,inactve
347,Galih Ramadhani,g.ramadhani@gmail.com,08062510233,29-06-2025,banned
360,Candra Lestari,candra.lestari@gmail.com,08151816406,08/07/2024,ACTIVE
369,Dedi Ramadhani,dedi369@gmail.com,08040384596,28/02/2025,inactve
370,Galih Setiadi,g.setiadi@gmail.com,08319363135,2024-06-27,inactive
371,Hani Lestari,hani.lestari@gmail.com,08729368432,15-02-25,inactive
372,Lukman Permana,lukman_perm@gmail.com,08053830803,2024-09-11,aktive
375,Cici Saputra,cici.saputra@gmail.com,08325168425,03/08/2024,BANNED
381,Budi Kusuma,b.kusuma@gmail.com,08515101616,13/08/24,active
382,Okta Aulia,okta_auli@gmail.com,08770719727,2024-07-21,actve
395,Vina Heryani,vina.her95@gmail.com,08761010291,01/01/2025,active
396,Kartika Hamzah,b.saputra@gmail.com,08112273804,28-02-2025,aktive
403,Galih Anggraini,galih_angg@gmail.com,08977763959,20/08/2024,aktive
405,qori aditya,qori405@gmail.com,08893952405,04-08-24,BANNED
406,Maman Gunawan,maman406@gmail.com,08346942887,10-11-2024,actve
411,Budi Ramadhani,budi.ramadhani@gmail.com,08732138649,25/02/25,baned
416,lina Kusuma,l.kusuma@gmail.com,08799098339,28-06-25,actve
425,Maman Santoso,maman406@gmail.com,08346942887,08-08-2024,aktive
433,Budi Anggraini,budi433@gmail.com,08185457142,16-02-2025,baned
434,mila hakim,mila.hakim@gmail.com,08213717162,07-02-25,BANNED
436,intan hakim,intan_haki@gmail.com,08529200483,11/06/24,actve
454,Lukman Yuliana,l.yuliana@gmail.com,08285890687,09-05-25,banned
456,bella gunawan,bella456@gmail.com,08916775388,08/11/2024,inactve
466,Bella Ramadhani,bella466@gmail.com,08548159874,26/03/25,banned
467,Vina Maharani,vina.mah67@gmail.com,08058227092,2025-01-29,baned
468,Dedi Wibowo,d.wibowo@gmail.com,08108234174,25/05/2025,baned
473,Maman Maulana,budi.santoso@gmail.com,08123456789,05-06-25,active
475,Zaki Firmansyah,zaki475@gmail.com,08945276779,2024-07-21,Active
480,fitri Pangestu,fitri.pan80@gmail.com,08511183671,17/06/2024,active
499,dedi maharani,dedi499@gmail.com,08486517760,16-10-2024,actve
507,Dedi Hamzah,dedi507@gmail.com,08846408624,2024-12-21,banned
512,Teguh Maharani,teguh.maharani@gmail.com,08895715647,24-06-2024,baned
515,Erwin Pangestu,erwin.pangestu@gmail.com,08070413815,02/07/24,active
533,dedi Ramadhani,dedi.ram33@gmail.com,08777558986,24-05-25,inactive
535,Fajar Siregar,fajar.siregar@gmail.com,08931311052,06/08/24,active
537,Umar Handayani,umar.handayani@gmail.com,08132971457,28/05/24,INACTIVE
553,Okta Permana,o.permana@gmail.com,08921536434,23-06-24,inactive
563,Asep Nugraha,asep_nugr@gmail.com,08589105954,02/07/2025,active
568,nando saputra,nando_sapu@gmail.com,08831865500,19-03-25,baned
598,Zaki Setiadi,z.setiadi@gmail.com,08370302488,18/08/24,baned
603,Kiki Siregar,kiki.siregar@gmail.com,08585371257,2025-05-13,ACTIVE
611,dedi syahputra,dedi_syah@gmail.com,08995342508,2024-11-02,banned
619,Eka Gunawan,eka619@gmail.com,08391304039,11/04/2025,baned
624,Nina Hamzah,nina624@gmail.com,08897496300,14-11-2024,ACTIVE
626,Gani Nugraha,g.nugraha@gmail.com,08070116098,2024-08-25,baned
629,Yani Kurniawan,nina624@gmail.com,08897496300,20/03/25,inactive
632,Nando Nugraha,nando.nugraha@gmail.com,08834134847,20-10-2024,actve
636,Kartika Ramadhani,kartika_rama@gmail.com,08849536897,27/11/24,BANNED
646,yani pangestu,kartika_rama@gmail.com,08849536897,01/10/24,actve
647,Hendra Maharani,hendra647@gmail.com,08522905156,10/02/2025,actve
654,cici puspita,cici_pusp@gmail.com,08615771644,2024-08-05,active
668,Putri Saputra,p.saputra@gmail.com,08709037281,26/01/2025,baned
669,YANI SETIADI,yani.set69@gmail.com,08178267811,28-11-24,Active
672,asep hakim,asep672@gmail.com,08923779911,02-08-2024,Active
675,Gani Maharani,gani675@gmail.com,08005242137,25-06-24,actve
676,Nando Rahmawati,nando676@gmail.com,08344101697,11/06/24,INACTIVE
677,Hendra Hakim,hendra.hak77@gmail.com,08411649819,16/02/25,Active
678,Cici Heryani,c.heryani@gmail.com,08608908937,2024-07-14,baned
680,Eka Aulia,nando676@gmail.com,08344101697,2025-03-16,inactve
681,Dedi Nugraha,dedi681@gmail.com,08378510412,28-04-2025,INACTIVE
682,Maman Kusuma,mila.hakim@gmail.com,08213717162,28-09-2024,baned
684,Yani Maharani,yani.maharani@gmail.com,08852864062,2025-03-21,banned
687,Indra Hakim,indra.hakim@gmail.com,08781530073,06-09-24,ACTIVE
697,Putri Rahmawati,hendra.hak77@gmail.com,08411649819,02/04/2025,banned
708,Fajar Pangestu,fajar708@gmail.com,08555630235,04/07/2024,banned
710,Cici Rahmawati,cici710@gmail.com,08729091014,16/01/2025,Active
719,Umar Wijaya,umar719@gmail.com,08571754667,16-06-25,aktive
723,Vina Handayani,vina.handayani@gmail.com,08215765119,01-06-2025,aktive
726,HANI GUNAWAN,cici168@gmail.com,08979469982,30-12-24,aktive
735,Putri Aditya,p.aditya@gmail.com,08798653275,04-09-2024,BANNED
743,cici pangestu,cici743@gmail.com,08337131729,05-06-24,baned
746,okta Kurniawan,o.kurniawan@gmail.com,08702873012,04/10/2024,actve
747,Umar Pratama,umar.pratama@gmail.com,08205323186,03-06-2025,ACTIVE
748,Gani Kurniawan,hendra.hak77@gmail.com,08411649819,29/08/2024,Active
749,Vina Putri,vina749@gmail.com,08943753827,2025-06-24,Active
750,Budi Hakim,budi_haki@gmail.com,08914190998,27/08/2024,inactive
754,Okta Hakim,okta_haki@gmail.com,08697232656,31-07-24,aktive
756,bella pratama,bella756@gmail.com,08477325918,12-02-2025,actve
762,candra Pangestu,candra.pangestu@gmail.com,08112078315,17/11/24,baned
764,Indra Nugraha,indra764@gmail.com,08634723721,18/05/2024,banned
769,Lukman Aditya,lukman769@gmail.com,08851258362,2025-02-23,ACTIVE
775,wawan firmansyah,wawan775@gmail.com,08639797330,25/07/24,BANNED
780,Kiki Pratama,kiki.pra80@gmail.com,08970071372,24/06/2025,active
789,Intan Maulana,intan_maul@gmail.com,08575148596,2024-12-14,inactve
791,Maman Permana,maman791@gmail.com,08611560698,31-01-2025,inactive
800,Kiki Maulana,kiki.mau0@gmail.com,08295980779,10-03-2025,BANNED
809,Bella Kusuma,bella809@gmail.com,08293572799,02/04/25,inactve
818,MILA KURNIAWAN,mila.kur18@gmail.com,08565465785,23/04/2025,aktive
820,rian santoso,rian820@gmail.com,08543361653,17/02/2025,actve
821,teguh Syahputra,teguh821@gmail.com,08584876151,2024-10-12,banned
826,nina puspita,nina_pusp@gmail.com,08774552416,19/08/2024,inactive
829,Bella Putri,bella829@gmail.com,08652943849,01/04/2025,baned
831,kiki siregar,kiki.sir31@gmail.com,08658942467,03-09-2024,inactve
833,Eka Lestari,kiki.sir31@gmail.com,08658942467,2024-09-10,banned
835,dedi heryani,d.heryani@gmail.com,08453226809,29-06-24,INACTIVE
844,FITRI ADITYA,fitri844@gmail.com,08190163133,22-07-2024,aktive
846,Gani Kusuma,gani_kusu@gmail.com,08221856998,18-01-2025,aktive
847,Fitri Lestari,dedi499@gmail.com,08486517760,29/07/2024,Active
848,WAWAN HAMZAH,wawan_hamz@gmail.com,08879662519,13/02/25,BANNED
851,Bella Heryani,bella_hery@gmail.com,08870813477,16/03/2025,baned
852,MILA SYAHPUTRA,m.syahputra@gmail.com,08042947640,01/06/24,banned
856,Salsa Aulia,salsa856@gmail.com,08371588664,04/11/24,banned
858,Asep Firmansyah,b.saputra@gmail.com,08112273804,01-07-2025,aktive
869,DEDI PUSPITA,indra764@gmail.com,08634723721,26/02/2025,active
876,Hendra Kusuma,hendra876@gmail.com,08968421614,2024-08-26,actve
881,Nina Putri,nina.put81@gmail.com,08478586020,2024-11-06,actve
889,Rian Syahputra,rian889@gmail.com,08692177751,05-03-25,inactve
892,candra Handayani,c.handayani@gmail.com,08273049433,09/02/25,BANNED
894,Putri Nugraha,p.nugraha@gmail.com,08766779471,02/06/24,INACTIVE
896,Budi Lestari,budi.les96@gmail.com,08442728388,18-10-24,active
899,CICI FIRMANSYAH,cici.firmansyah@gmail.com,08931481660,03-06-2025,inactve
905,budi Maharani,budi_maha@gmail.com,08267670888,14/03/2025,INACTIVE
911,Fajar Kurniawan,fajar.kur11@gmail.com,08719414715,28-04-25,active
924,Intan Hakim,mila.hakim@gmail.com,08213717162,2024-06-25,BANNED
927,Dedi Pangestu,dedi.pan27@gmail.com,08033287957,2024-06-22,inactive
928,teguh Hakim,teguh.hak28@gmail.com,08478280882,27/01/25,inactive
934,MILA KUSUMA,mila934@gmail.com,08370661985,2025-06-02,inactve
935,Asep Saputra,mila934@gmail.com,08370661985,13-03-2025,inactve
943,Ani Rahmawati,ani.rah43@gmail.com,08049930433,24-08-24,inactive
944,ani santoso,a.santoso@gmail.com,08501064288,06/01/2025,INACTIVE
951,Vina Pratama,vina_prat@gmail.com,08543871763,04-05-2025,inactive
956,Teguh Saputra,teguh.sap56@gmail.com,08297601338,2025-01-26,BANNED
959,Gani Pratama,gani_prat@gmail.com,08603790435,21/05/25,active
976,Okta Puspita,o.puspita@gmail.com,08704418314,2024-09-15,inactve
979,Rian Kurniawan,maman406@gmail.com,08346942887,01-03-2025,actve
981,gani Nugraha,gani981@gmail.com,08581863525,2024-07-24,banned
982,TEGUH PRATAMA,t.pratama@gmail.com,08605777369,06/07/25,actve
989,Indra Putri,indra.put89@gmail.com,08282784604,17-12-2024,baned
991,Lukman Aulia,lukman991@gmail.com,08665023253,05-10-24,actve
992,Intan Pangestu,intan992@gmail.com,08373688527,02-05-2025,active
993,Lukman Putri,lukman_putr@gmail.com,08019580346,23-09-2024,aktive
996,Indra Nugraha,indra.nug96@gmail.com,08666534063,05-01-2025,inactve
