id,nama,email,no_hp,tanggal_daftar,status
1,Budi Santoso,budi.santoso@gmail.com,08123456789,12/05/2024,active
2,ani wijaya,ani.w@yahoo.com,08129876543,2024-06-15,Active
3,Candra Hamzah,candra.h@hotmail.com,08131122334,10-07-24,inactive
5,EKA PUTRI,eka.putri@gmail.com,08155566778,2024-09-20,BANNED
6,Fajar Nugraha,fajar.n@gmail.com,08199988776,05-11-24,INACTIVE
7,Gani Pratama,gani.p@yahoo.com,08122233344,25/12/2024,Active
9,BELLA PUTRI,b.putri@gmail.com,08275172253,2024-10-19,banned
10,Ani Anggraini,ani10@gmail.com,08078507196,15/12/2024,active
12,putri putri,putri.putri@outlook.com,08612726106,15/12/2024,INACTIVE
13,DIAN GUNAWAN,dian.gunawan@yahoo.com,08207040745,08/12/2024,inactve
14,budi santoso,budi_sant@gmail.com,08994360314,10-04-25,INACTIVE
15,Lina Yuliana,lina_yuli@gmail.com,08893711437,13/07/2024,ACTIVE
16,Yani Firmansyah,yani_firm@outlook.com,08725960390,2024-08-12,active
18,Maman Siregar,maman.sir18@gmail.com,08088298256,30/01/2025,inactive
19,hani Santoso,hani.san19@mail.com,08718125571,2025-01-18,inactve
20,Rian Maulana,r.maulana@hotmail.com,08981101974,15-01-25,Active
21,Lukman Syahputra,lukman.syahputra@yahoo.com,08569872358,24-08-2024,aktive
23,Hendra Hakim,hendra.hak23@mail.com,08489152657,27-06-2024,inactive
24,UMAR PANGESTU,u.pangestu@outlook.com,08519002312,02-09-2024,banned
25,Oki Lestari,oki_lest@mail.com,08383195639,14-06-24,inactve
26,Maman Yuliana,maman.yul26@gmail.com,08250846692,11/06/25,active
27,nina kusuma,nina_kusu@hotmail.com,08332666360,08-07-2024,inactive
28,okta maulana,o.maulana@yahoo.com,08116191616,10-02-2025,inactive
29,Zaki Kurniawan,zaki.kurniawan@outlook.com,08556469623,25-12-2024,aktive
30,Maman Handayani,m.handayani@mail.com,08580441540,17-06-25,inactive
31,Teguh Pangestu,teguh.pangestu@gmail.com,08749952986,05-02-2025,banned
32,maman wijaya,maman.wij32@outlook.com,08951313106,2024-05-21,baned
35,Umar Pangestu,umar_pang@mail.com,08348789860,12-04-2025,inactve
36,Hani Pangestu,hani.pan36@mail.com,08491283599,06-06-2024,inactive
37,jihan ramadhani,jihan.ram37@gmail.com,08859056311,22/03/2025,Active
38,Salsa Ramadhani,salsa.ram38@outlook.com,08294650289,18-05-2025,inactive
39,Joko Kurniawan,joko.kur39@gmail.com,08848782816,25-01-25,actve
40,Salsa Rahmawati,salsa40@gmail.com,08114534616,2025-04-03,actve
41,Nando Maulana,nando41@hotmail.com,08511937649,09-11-2024,Active
42,Salsa Pratama,salsa.pra42@gmail.com,08273549162,27-11-24,inactive
43,BELLA SAPUTRA,b.saputra@gmail.com,08112273804,28-05-2024,active
45,lukman hakim,lukman.hakim@mail.com,08212012166,08/11/2024,banned
46,Dian Hakim,dian46@hotmail.com,08509251984,2025-04-13,BANNED
47,yani nugraha,yani.nugraha@yahoo.com,08960881824,13-03-25,Active
48,Fajar Maharani,fajar48@hotmail.com,08301670326,16-11-2024,active
49,ani heryani,a.heryani@hotmail.com,08992668001,20-10-24,aktive
50,Maman Anggraini,m.anggraini@gmail.com,08808525751,21-03-2025,Active
52,Mila Aditya,mila.aditya@gmail.com,08656953616,17-05-25,active
53,Yani Syahputra,yani53@hotmail.com,08040198999,15-02-2025,ACTIVE
54,salsa kurniawan,salsa.kur54@outlook.com,08969708175,04/12/2024,INACTIVE
56,Dedi Santoso,dedi_sant@outlook.com,08957891432,28/04/2025,Active
57,qori aditya,qori_adit@mail.com,08333858951,29/05/24,actve
58,DIAN ADITYA,dian.adi58@yahoo.com,08751383062,05/09/24,Active
59,Dian Kusuma,dian_kusu@gmail.com,08634846728,07/07/24,BANNED
60,Umar Hamzah,umar.hamzah@gmail.com,08954649213,2025-01-21,INACTIVE
61,PUTRI RAMADHANI,putri.ramadhani@hotmail.com,08085338300,2024-08-17,active
62,Dian Nugraha,dian.nug62@hotmail.com,08602423161,06-06-24,inactve
63,Rian Aditya,r.aditya@mail.com,08096866164,30-03-2025,Active
64,Zaki Kurniawan,z.kurniawan@mail.com,08608174371,05-04-2025,ACTIVE
65,Zaki Permana,z.permana@outlook.com,08183704088,2025-01-13,banned
67,bella Wibowo,b.wibowo@yahoo.com,08059237205,2025-04-17,BANNED
69,LUKMAN PUTRI,l.putri@gmail.com,08880338083,03/06/24,banned
70,Umar Aulia,umar.aulia@yahoo.com,08197343448,18-05-25,inactive
71,Wawan Putri,wawan.put71@outlook.com,08357876732,20-05-24,Active
72,Gani Syahputra,gani.sya72@outlook.com,08028744595,13-05-24,BANNED
73,Hendra Hakim,hendra_haki@outlook.com,08492333992,23/09/2024,inactive
74,Bella Yuliana,b.yuliana@mail.com,08160080291,2025-02-17,actve
75,Putri Setiadi,p.setiadi@hotmail.com,08485268872,24-07-24,aktive
76,Lukman Hamzah,lukman.hamzah@mail.com,08705769042,07/02/25,ACTIVE
78,Intan Pangestu,intan_pang@yahoo.com,08268622536,2024-12-15,BANNED
79,Okta Rahmawati,okta.rah79@hotmail.com,08742154928,18/02/25,Active
80,maman Putri,maman80@yahoo.com,08590419045,22-09-2024,actve
81,Hendra Puspita,hendra.pus81@yahoo.com,08905062844,23-01-2025,ACTIVE
82,NINA RAMADHANI,nina82@outlook.com,08188054160,23/06/2024,INACTIVE
83,Candra Setiadi,candra83@mail.com,08117287197,23/09/2024,ACTIVE
84,Indra Syahputra,i.syahputra@gmail.com,08370236335,25/06/24,active
86,Umar Kurniawan,umar.kurniawan@outlook.com,08181148149,06/06/25,ACTIVE
87,Joko Pangestu,j.pangestu@yahoo.com,08826494802,29/04/25,aktive
89,Rian Pratama,rian_prat@mail.com,08304787634,05-07-24,active
90,PUTRI PRATAMA,putri90@yahoo.com,08029379264,25-05-25,ACTIVE
91,Dedi Putri,d.putri@outlook.com,08199025132,01/05/2025,active
92,Nina Hamzah,nina.hamzah@gmail.com,08167550213,30/04/2025,Active
93,Oki Maharani,o.maharani@outlook.com,08023286894,12/07/2024,BANNED
94,Gani Anggraini,gani.anggraini@gmail.com,08027158799,21/02/2025,ACTIVE
95,Lukman Hakim,l.hakim@outlook.com,08077839951,27/05/2025,BANNED
96,Gani Wijaya,gani.wijaya@yahoo.com,08937453638,18/05/24,actve
97,Wawan Saputra,wawan.sap97@hotmail.com,08782262854,25/06/25,INACTIVE
98,Galih Kusuma,galih.kusuma@hotmail.com,08928144144,2025-06-29,inactve
100,Jihan Putri,jihan.putri@mail.com,08903991305,2024-05-15,inactive
101,Dedi Saputra,dedi101@gmail.com,08722578307,22-06-24,baned
103,Dedi Pratama,dedi103@outlook.com,08225225493,08-04-25,active
104,GALIH MAULANA,galih104@gmail.com,08920902671,28/06/2024,baned
105,lina Aulia,lina.aul5@outlook.com,08343072646,15-12-2024,BANNED
106,nina gunawan,nina.gunawan@gmail.com,08223610950,06-11-24,baned
107,ANI YULIANA,ani.yuliana@gmail.com,08079910344,24/03/25,Active
108,Jihan Permana,jihan_perm@yahoo.com,08595024356,2025-04-10,banned
109,Asep Handayani,a.handayani@yahoo.com,08632112017,2024-08-29,inactive
111,Yani Hamzah,yani111@hotmail.com,08342007187,31-01-2025,BANNED
112,Vina Hamzah,vina_hamz@hotmail.com,08841024872,2025-04-25,BANNED
113,Intan Putri,intan.put13@outlook.com,08760919045,23/01/2025,inactve
114,Bella Pangestu,b.pangestu@gmail.com,08131510327,17-06-2025,ACTIVE
115,kiki permana,kiki_perm@mail.com,08386575056,22/04/25,inactve
116,Zaki Setiadi,zaki.setiadi@mail.com,08958165674,01/07/2025,ACTIVE
117,cici setiadi,cici117@outlook.com,08408447094,23-08-24,inactive
118,Eka Aulia,eka.aulia@gmail.com,08557762983,01-01-2025,inactive
120,Joko Siregar,joko_sire@outlook.com,08123132150,22-01-25,banned
122,Indra Putri,i.putri@hotmail.com,08772139707,15-05-24,INACTIVE
123,Nando Aulia,nando.aulia@hotmail.com,08323121784,04/10/24,banned
124,Vina Gunawan,vina_guna@outlook.com,08369911857,11-12-24,INACTIVE
125,hendra Wijaya,hendra.wijaya@outlook.com,08741446429,13/01/2025,BANNED
126,INDRA KURNIAWAN,indra_kurn@yahoo.com,08470420555,2025-01-19,banned
127,Asep Siregar,a.siregar@outlook.com,08895380462,07/01/25,active
128,Teguh Setiadi,teguh_seti@outlook.com,08559354689,19/05/2024,actve
129,Kartika Saputra,kartika.saputra@hotmail.com,08511866579,30-11-2024,banned
130,dedi permana,dedi_perm@gmail.com,08785435949,2024-05-30,inactve
131,Nando Saputra,nando.sap31@gmail.com,08516798355,10/06/25,INACTIVE
133,wawan Wijaya,w.wijaya@gmail.com,08476280105,30-05-2024,inactve
134,Fajar Siregar,fajar.sir34@gmail.com,08886100528,19/03/25,inactve
135,Oki Maharani,oki_maha@hotmail.com,08212174777,14-04-25,ACTIVE
137,Lukman Santoso,lukman_sant@gmail.com,08902412062,10/03/2025,aktive
138,ERWIN WIJAYA,erwin138@mail.com,08332909808,23-06-2025,inactve
139,Cici Kurniawan,c.kurniawan@gmail.com,08162365799,25-07-2024,active
140,lina siregar,lina.siregar@gmail.com,08603190432,2024-09-04,actve
141,wawan siregar,wawan.siregar@outlook.com,08840577500,02-04-2025,active
142,Wawan Kusuma,wawan_kusu@outlook.com,08792926793,25-08-24,Active
144,Ani Kurniawan,ani144@mail.com,08083537640,19-05-25,Active
145,Jihan Kusuma,jihan.kus45@yahoo.com,08645096910,2025-06-03,Active
146,Erwin Heryani,erwin_hery@hotmail.com,08842256601,2024-12-13,aktive
147,Dedi Maharani,dedi_maha@outlook.com,08747811342,09-04-25,inactive
148,Lina Kusuma,l.kusuma@hotmail.com,08725107997,24/07/24,banned
149,Budi Yuliana,b.yuliana@gmail.com,08439662973,04/05/2025,actve
150,Jihan Hakim,jihan.hakim@outlook.com,08251577784,23/06/25,baned
151,joko aulia,joko.aul51@yahoo.com,08125819637,02/06/25,ACTIVE
152,Lukman Siregar,lukman152@yahoo.com,08782476172,19/09/2024,inactve
155,Galih Hamzah,g.hamzah@outlook.com,08768115735,17/11/2024,inactve
156,Asep Firmansyah,a.firmansyah@mail.com,08532568661,2025-04-04,actve
157,KIKI HAMZAH,kiki_hamz@outlook.com,08322893837,17/06/24,ACTIVE
158,Budi Maharani,budi158@mail.com,08522018249,06-04-25,BANNED
159,Dian Ramadhani,dian.ramadhani@mail.com,08123059428,09-03-2025,INACTIVE
160,Hani Wibowo,h.wibowo@gmail.com,08585513030,2024-12-31,actve
161,Candra Pangestu,candra161@gmail.com,08840892782,2024-06-25,Active
162,galih maharani,galih.maharani@outlook.com,08804498265,13/11/2024,banned
163,intan Santoso,intan.santoso@gmail.com,08993266779,08-09-2024,ACTIVE
164,indra Puspita,i.puspita@yahoo.com,08877685813,26/04/25,inactive
166,JIHAN LESTARI,j.lestari@outlook.com,08606343889,17/11/2024,banned
167,RIAN PUSPITA,r.puspita@hotmail.com,08127044182,09-01-25,ACTIVE
168,Cici Yuliana,cici168@gmail.com,08979469982,01-07-2025,banned
169,Umar Wijaya,umar_wija@yahoo.com,08396615451,2025-04-10,aktive
171,Qori Hamzah,qori171@mail.com,08225237565,29-09-24,actve
172,Dian Ramadhani,dian.ramadhani@hotmail.com,08852629452,09-06-24,banned
173,Kartika Heryani,kartika_hery@outlook.com,08390213261,27-06-2025,aktive
174,Umar Wijaya,umar.wijaya@mail.com,08290202061,05/03/2025,ACTIVE
175,Kartika Hamzah,kartika.hamzah@mail.com,08081371990,03-07-25,baned
177,Zaki Puspita,zaki_pusp@gmail.com,08506248935,04/01/2025,active
178,Candra Firmansyah,candra_firm@gmail.com,08292573749,10/05/2025,BANNED
179,Umar Kurniawan,umar.kurniawan@gmail.com,08764651013,31-07-2024,BANNED
180,Indra Aulia,indra180@hotmail.com,08234487974,18-05-2024,actve
181,Ani Putri,ani.put81@mail.com,08782467143,21/07/24,inactve
182,Fitri Maharani,fitri182@gmail.com,08135689491,24/07/2024,inactive
183,Oki Wijaya,oki_wija@yahoo.com,08069065395,2024-12-22,baned
184,Cici Santoso,c.santoso@gmail.com,08003299855,24-01-2025,Active
185,NANDO SETIADI,nando.setiadi@hotmail.com,08973947262,2024-10-30,baned
186,Rian Putri,rian.put86@yahoo.com,08953917151,2025-06-20,inactve
188,Eka Santoso,eka188@gmail.com,08565550411,18/01/2025,BANNED
189,Galih Firmansyah,galih.firmansyah@gmail.com,08437876021,23/08/2024,Active
190,Hendra Maulana,hendra190@yahoo.com,08342690516,2024-05-22,banned
191,Budi Rahmawati,b.rahmawati@mail.com,08514180534,2025-05-04,active
192,Putri Heryani,putri192@hotmail.com,08128553270,31/01/25,actve
193,Fajar Handayani,f.handayani@mail.com,08827154735,16/07/2024,Active
194,Maman Wibowo,maman.wibowo@hotmail.com,08507398247,16/10/24,BANNED
195,Lina Saputra,l.saputra@hotmail.com,08455357020,10/08/2024,BANNED
196,GALIH AULIA,galih_auli@outlook.com,08067483568,01-07-2024,aktive
197,Joko Hakim,joko_haki@outlook.com,08305192719,25/01/2025,inactve
199,Bella Santoso,bella.santoso@mail.com,08676157378,16-05-24,ACTIVE
200,dedi firmansyah,dedi200@gmail.com,08397579547,07/01/25,INACTIVE
201,Ani Aditya,ani.adi1@hotmail.com,08426561220,06/06/2025,INACTIVE
202,JIHAN PUTRI,jihan_putr@hotmail.com,08663498077,15/08/24,inactive
203,Hendra Heryani,hendra203@hotmail.com,08087477527,26-06-25,active
205,Wawan Hamzah,wawan205@hotmail.com,08889592630,25/09/2024,inactive
206,Jihan Hamzah,jihan.ham6@mail.com,08118569825,2024-09-30,banned
207,Dian Lestari,d.lestari@yahoo.com,08688935329,2024-12-29,ACTIVE
208,mila ramadhani,mila208@outlook.com,08935029134,25-05-25,inactve
210,Candra Yuliana,candra_yuli@hotmail.com,08273405902,23-06-25,Active
211,Mila Putri,mila.put11@outlook.com,08596835683,11-09-2024,active
212,indra anggraini,indra_angg@mail.com,08745638935,2024-11-08,inactive
213,kiki permana,kiki.permana@yahoo.com,08380792666,18/09/2024,active
214,Candra Putri,c.putri@mail.com,08494011647,2024-06-27,INACTIVE
215,Salsa Anggraini,salsa.ang15@mail.com,08427282807,08-12-2024,inactive
216,Umar Saputra,umar.sap16@mail.com,08006327321,2024-06-21,ACTIVE
217,HANI FIRMANSYAH,hani.firmansyah@yahoo.com,08716657504,02/02/25,Active
218,Kartika Aulia,k.aulia@hotmail.com,08773525306,14-07-24,actve
219,Umar Maharani,umar219@yahoo.com,08572243127,25/06/24,active
222,wawan Santoso,wawan.san22@outlook.com,08999252223,2024-07-26,banned
223,Putri Wibowo,putri.wib23@mail.com,08518234601,30/06/25,BANNED
224,intan setiadi,intan.set24@hotmail.com,08619934350,2025-01-21,active
225,Kartika Firmansyah,kartika.firmansyah@outlook.com,08400454224,28/08/24,aktive
226,wawan Hamzah,wawan_hamz@mail.com,08178916463,2025-05-03,baned
227,Kiki Permana,k.permana@gmail.com,08697016679,29/07/24,baned
228,salsa firmansyah,salsa228@yahoo.com,08392724671,28/01/2025,ACTIVE
229,Wawan Wibowo,wawan.wibowo@yahoo.com,08439800212,10/12/24,actve
230,MILA SIREGAR,m.siregar@hotmail.com,08092335029,14/06/24,banned
232,Salsa Kurniawan,salsa.kur32@mail.com,08509802386,16/05/24,actve
233,lukman maharani,lukman_maha@mail.com,08600669079,17/05/2025,INACTIVE
234,Fajar Setiadi,fajar.setiadi@yahoo.com,08836227788,03/10/24,ACTIVE
235,intan wijaya,intan.wij35@outlook.com,08838391810,07/10/2024,INACTIVE
236,Umar Hakim,umar_haki@outlook.com,08171633288,2025-01-02,BANNED
237,GANI ANGGRAINI,g.anggraini@hotmail.com,08343992812,05/10/24,INACTIVE
239,Hendra Santoso,hendra.san39@outlook.com,08505458590,23-05-24,BANNED
240,Maman Aditya,m.aditya@yahoo.com,08510545060,25-06-2025,actve
241,Yani Permana,y.permana@outlook.com,08386453863,15-09-2024,Active
243,kiki wijaya,k.wijaya@hotmail.com,08748524560,2025-01-13,banned
244,Intan Syahputra,intan.sya44@yahoo.com,08802147538,28-06-2024,aktive
245,yani Rahmawati,yani245@gmail.com,08614249720,18/02/2025,Active
246,Ani Puspita,ani246@outlook.com,08103237323,16-09-24,baned
247,UMAR YULIANA,umar247@outlook.com,08384931484,23-06-24,ACTIVE
248,Intan Handayani,intan248@mail.com,08518834091,10/02/2025,INACTIVE
249,Wawan Wibowo,wawan.wib49@yahoo.com,08279679949,22-01-2025,baned
250,SALSA ADITYA,s.aditya@outlook.com,08393703392,2024-11-19,banned
251,Intan Siregar,intan251@hotmail.com,08353172944,13/04/2025,active
252,Dian Yuliana,dian_yuli@mail.com,08495623675,03/12/24,inactve
256,Fitri Siregar,fitri256@hotmail.com,08737535573,2024-07-18,BANNED
257,Galih Ramadhani,galih.ramadhani@mail.com,08311389224,18-11-2024,INACTIVE
258,Mila Hamzah,mila258@gmail.com,08467092312,22-01-25,banned
259,Qori Ramadhani,qori.ramadhani@mail.com,08041184529,20-06-24,INACTIVE
260,Oki Hamzah,oki260@outlook.com,08902939726,12/09/24,actve
261,OKTA HAMZAH,okta261@gmail.com,08020962270,27/06/24,actve
262,Intan Firmansyah,intan.firmansyah@outlook.com,08468874492,10/07/24,banned
263,Nando Santoso,nando.santoso@yahoo.com,08032838012,28-04-2025,INACTIVE
265,Teguh Pratama,teguh_prat@outlook.com,08940520036,15-01-25,INACTIVE
266,JIHAN YULIANA,jihan.yul66@mail.com,08746453388,06-03-25,baned
267,Yani Santoso,yani_sant@outlook.com,08897481767,2024-08-12,banned
268,Fitri Maulana,fitri_maul@outlook.com,08491140664,12/10/24,INACTIVE
269,Dedi Puspita,dedi.pus69@yahoo.com,08020382987,25/07/2024,inactive
270,Eka Maulana,eka270@mail.com,08564449084,28/04/2025,ACTIVE
271,Asep Kusuma,asep_kusu@hotmail.com,08225367236,25-04-25,inactive
273,Nina Aditya,nina273@mail.com,08443851586,30/12/2024,actve
274,Erwin Puspita,erwin.pus74@yahoo.com,08080540832,23/11/24,Active
276,Maman Ramadhani,m.ramadhani@yahoo.com,08767993612,26/05/24,aktive
277,kartika kurniawan,kartika277@hotmail.com,08436863739,24/06/24,actve
278,bella Yuliana,b.yuliana@outlook.com,08873949859,20/09/2024,active
279,Yani Heryani,yani.her79@outlook.com,08947403050,03-08-2024,inactive
280,Vina Setiadi,vina280@hotmail.com,08620694837,06-07-25,inactive
281,Maman Hakim,maman.hak81@mail.com,08986373234,05-03-2025,Active
282,Qori Nugraha,qori_nugr@gmail.com,08657190903,22-10-24,ACTIVE
283,DIAN SIREGAR,d.siregar@outlook.com,08166189735,20-03-2025,ACTIVE
284,Maman Anggraini,maman_angg@yahoo.com,08221897723,28-06-2025,active
285,Erwin Ramadhani,erwin_rama@outlook.com,08010976074,03-09-2024,inactve
287,INDRA ANGGRAINI,indra.ang87@mail.com,08859827324,25/12/24,aktive
288,Asep Saputra,asep_sapu@gmail.com,08055743324,2024-08-29,inactve
290,Dian Setiadi,dian_seti@mail.com,08635889262,05/06/24,aktive
291,Lina Nugraha,lina291@hotmail.com,08685049593,2025-01-07,ACTIVE
292,Lukman Wijaya,lukman.wij92@outlook.com,08008544065,2024-11-26,ACTIVE
293,Ani Aulia,ani.aul93@gmail.com,08561824984,31-10-2024,inactive
294,NINA SANTOSO,nina.san94@outlook.com,08034923448,2024-11-18,aktive
295,Oki Pangestu,oki295@outlook.com,08586785869,12/06/2024,inactive
296,joko lestari,joko296@yahoo.com,08725223734,19/05/24,ACTIVE
298,Joko Hakim,joko_haki@hotmail.com,08222315923,17-05-2024,ACTIVE
299,dian Puspita,d.puspita@mail.com,08435257362,17-02-2025,aktive
300,Dedi Lestari,d.lestari@mail.com,08901328038,30/06/24,Active
301,PUTRI WIJAYA,putri.wij1@yahoo.com,08492374878,27-05-2025,BANNED
302,Kartika Handayani,kartika_hand@outlook.com,08523514596,22/02/25,INACTIVE
303,Jihan Kusuma,jihan.kus3@outlook.com,08952625253,26/06/2025,actve
304,Yani Puspita,yani304@outlook.com,08495834640,2025-04-14,inactive
305,ANI SAPUTRA,ani_sapu@hotmail.com,08684036097,10-12-24,ACTIVE
307,Oki Anggraini,oki.anggraini@hotmail.com,08217023789,26-05-2024,INACTIVE
309,MILA NUGRAHA,mila.nug9@outlook.com,08928043707,01/06/25,ACTIVE
310,Nando Hamzah,n.hamzah@outlook.com,08610281504,06-06-2025,active
311,gani ramadhani,gani.ramadhani@gmail.com,08094646386,29-06-2025,inactve
312,Nina Maulana,nina.maulana@gmail.com,08509401309,20-11-2024,active
313,Zaki Firmansyah,zaki.firmansyah@mail.com,08069125732,21/07/24,ACTIVE
314,Fajar Handayani,fajar.han14@gmail.com,08801698164,16-07-24,inactve
315,ANI LESTARI,ani.les15@hotmail.com,08251924218,20/06/25,actve
316,Galih Hakim,galih.hakim@hotmail.com,08668218858,2024-11-06,banned
317,Indra Pangestu,indra317@outlook.com,08297065940,19-05-25,actve
318,dian saputra,dian_sapu@hotmail.com,08849117234,18-05-2024,BANNED
320,Rian Permana,rian.permana@mail.com,08709371118,18-03-2025,active
321,SALSA PERMANA,salsa321@hotmail.com,08625184633,23/01/25,actve
322,Joko Syahputra,j.syahputra@gmail.com,08417963868,2025-06-03,active
324,Umar Wibowo,umar_wibo@yahoo.com,08934445706,25/10/2024,baned
325,salsa firmansyah,salsa.fir25@outlook.com,08405224026,14/08/2024,active
326,Kiki Saputra,k.saputra@hotmail.com,08928422134,08-01-25,banned
327,Bella Firmansyah,bella.fir27@mail.com,08381069417,09/10/24,baned
328,Erwin Setiadi,e.setiadi@gmail.com,08580218398,29-04-25,actve
329,Okta Pangestu,okta.pangestu@gmail.com,08964322325,14-05-25,inactive
331,intan Puspita,intan.puspita@outlook.com,08181037628,04/02/2025,inactve
332,candra Rahmawati,candra_rahm@outlook.com,08969860347,13/10/24,banned
333,Maman Puspita,maman_pusp@outlook.com,08240387234,2024-06-20,ACTIVE
334,Mila Syahputra,mila334@gmail.com,08560957765,26-10-2024,aktive
335,Umar Hamzah,umar.hamzah@hotmail.com,08485308741,14/05/2024,ACTIVE
336,jihan kurniawan,jihan336@gmail.com,08905766372,2024-10-07,aktive
337,Okta Santoso,okta.san37@hotmail.com,08596847343,23/03/25,inactive
338,Erwin Maharani,erwin338@yahoo.com,08146771267,2024-12-16,inactve
339,Eka Santoso,eka339@yahoo.com,08916353123,06/06/25,INACTIVE
342,Indra Santoso,indra342@outlook.com,08214077961,16-11-24,banned
343,indra Gunawan,indra343@gmail.com,08854109513,03/08/2024,inactve
344,Eka Nugraha,eka.nugraha@gmail.com,08321275621,2025-05-26,inactive
345,Wawan Anggraini,w.anggraini@gmail.com,08108621893,30/12/24,actve
346,Budi Heryani,b.heryani@gmail.com,08200810888,14/05/2024,inactve
347,Galih Ramadhani,g.ramadhani@gmail.com,08062510233,29-06-2025,banned
348,Hani Kusuma,hani.kus48@hotmail.com,08583190973,29/07/24,active
349,Zaki Putri,zaki349@mail.com,08111419858,26-05-2024,inactive
350,Dian Ramadhani,dian.ram50@yahoo.com,08840816277,18-05-25,ACTIVE
351,Erwin Anggraini,erwin.anggraini@yahoo.com,08446049561,02/07/2025,banned
353,lina hamzah,l.hamzah@mail.com,08730220251,30-11-2024,Active
354,Maman Pratama,m.pratama@hotmail.com,08206121041,25-10-24,inactive
355,Jihan Putri,jihan.put55@outlook.com,08318230743,15-07-2024,baned
356,Fitri Setiadi,fitri_seti@outlook.com,08809741971,04/03/25,inactive
358,Wawan Saputra,wawan.sap58@mail.com,08690154266,2024-07-12,inactive
359,Nando Yuliana,nando.yul59@mail.com,08523020836,2024-07-10,BANNED
360,Candra Lestari,candra.lestari@gmail.com,08151816406,08/07/2024,ACTIVE
361,lina rahmawati,lina361@outlook.com,08776748189,10/09/2024,active
362,Yani Rahmawati,yani362@mail.com,08838035895,31/05/25,active
364,Qori Siregar,qori_sire@mail.com,08923300450,28-10-2024,aktive
365,Vina Handayani,vina.handayani@outlook.com,08789475887,03-08-2024,ACTIVE
366,GALIH HANDAYANI,galih_hand@mail.com,08111595410,18-06-25,banned
367,Cici Anggraini,cici.ang67@outlook.com,08576527552,01-05-25,inactive
368,Joko Anggraini,joko.ang68@outlook.com,08420283427,2025-01-18,inactive
369,Dedi Ramadhani,dedi369@gmail.com,08040384596,28/02/2025,inactve
370,Galih Setiadi,g.setiadi@gmail.com,08319363135,2024-06-27,inactive
371,Hani Lestari,hani.lestari@gmail.com,08729368432,15-02-25,inactive
372,Lukman Permana,lukman_perm@gmail.com,08053830803,2024-09-11,aktive
373,RIAN HERYANI,rian.her73@outlook.com,08376672404,07/03/25,baned
375,Cici Saputra,cici.saputra@gmail.com,08325168425,03/08/2024,BANNED
376,Candra Lestari,candra376@mail.com,08793107620,20-09-2024,inactve
377,Fajar Lestari,fajar_lest@hotmail.com,08247236244,03-11-24,INACTIVE
378,umar rahmawati,umar.rahmawati@outlook.com,08447835995,07-12-24,INACTIVE
379,QORI ADITYA,qori.adi79@hotmail.com,08185642076,21/09/2024,inactve
380,Yani Kusuma,yani.kus80@yahoo.com,08948699737,06/07/24,baned
381,Budi Kusuma,b.kusuma@gmail.com,08515101616,13/08/24,active
382,Okta Aulia,okta_auli@gmail.com,08770719727,2024-07-21,actve
383,Asep Kusuma,asep383@hotmail.com,08163192252,28/02/2025,ACTIVE
384,Fitri Saputra,fitri384@mail.com,08843232792,2024-05-25,inactive
386,Lina Syahputra,l.syahputra@mail.com,08182799844,07/03/25,inactive
387,Ani Saputra,ani387@hotmail.com,08261922105,25-09-24,aktive
388,dedi maharani,dedi.mah88@hotmail.com,08049993178,28/09/24,BANNED
389,Bella Putri,bella.put89@outlook.com,08714996164,2025-01-30,actve
390,Nina Pangestu,n.pangestu@hotmail.com,08234523013,2025-06-06,banned
392,UMAR PUSPITA,umar.pus92@outlook.com,08357705691,19-06-2024,BANNED
393,Oki Setiadi,oki.set93@yahoo.com,08757714478,01-07-25,baned
394,lukman santoso,l.santoso@outlook.com,08275218333,2025-04-25,baned
395,Vina Heryani,vina.her95@gmail.com,08761010291,01/01/2025,active
397,Lina Hamzah,lina_hamz@yahoo.com,08486183769,2025-03-27,banned
398,PUTRI KUSUMA,putri_kusu@yahoo.com,08202130748,04-05-25,active
399,BELLA HAMZAH,bella.ham99@outlook.com,08523017840,05-12-2024,INACTIVE
400,Dian Wijaya,dian.wijaya@mail.com,08854218979,2024-12-01,BANNED
401,lina rahmawati,l.rahmawati@outlook.com,08093212462,06-01-2025,active
402,Fajar Wibowo,fajar.wibowo@outlook.com,08264544431,21-09-24,inactve
403,Galih Anggraini,galih_angg@gmail.com,08977763959,20/08/2024,aktive
404,Jihan Rahmawati,j.rahmawati@outlook.com,08441154889,31/05/2025,actve
405,qori aditya,qori405@gmail.com,08893952405,04-08-24,BANNED
406,Maman Gunawan,maman406@gmail.com,08346942887,10-11-2024,actve
409,Kartika Lestari,kartika_lest@yahoo.com,08142365136,10/12/2024,inactve
411,Budi Ramadhani,budi.ramadhani@gmail.com,08732138649,25/02/25,baned
412,Lina Setiadi,lina.set12@hotmail.com,08011592782,2025-01-04,baned
413,Asep Setiadi,asep.set13@outlook.com,08798602821,03-12-2024,BANNED
414,budi yuliana,b.yuliana@hotmail.com,08348680520,2024-09-15,banned
415,nina Handayani,nina.handayani@hotmail.com,08381998328,23-03-2025,ACTIVE
416,lina Kusuma,l.kusuma@gmail.com,08799098339,28-06-25,actve
417,Intan Yuliana,i.yuliana@hotmail.com,08513546530,30-09-24,Active
419,Dedi Firmansyah,dedi.firmansyah@outlook.com,08508849836,05/05/2025,Active
420,Gani Gunawan,gani420@hotmail.com,08795721328,21/02/2025,ACTIVE
421,salsa hakim,salsa.hakim@hotmail.com,08947680414,21-06-25,active
422,Hendra Puspita,hendra.pus22@outlook.com,08854038556,05/09/24,Active
423,Gani Syahputra,gani.sya23@hotmail.com,08686788057,27/07/24,ACTIVE
424,Budi Putri,budi424@outlook.com,08066565112,01/04/25,active
426,Maman Yuliana,maman_yuli@hotmail.com,08456736137,18-10-2024,INACTIVE
427,lina hamzah,lina427@hotmail.com,08661344121,2025-04-16,actve
428,budi aulia,budi.aul28@yahoo.com,08008375632,05/06/2025,Active
431,Qori Wijaya,qori.wijaya@hotmail.com,08925004643,06-07-24,actve
432,teguh putri,teguh.put32@yahoo.com,08767784437,27/03/2025,actve
433,Budi Anggraini,budi433@gmail.com,08185457142,16-02-2025,baned
434,mila hakim,mila.hakim@gmail.com,08213717162,07-02-25,BANNED
435,NINA SIREGAR,n.siregar@hotmail.com,08023929536,18-04-25,INACTIVE
436,intan hakim,intan_haki@gmail.com,08529200483,11/06/24,actve
437,Kiki Maulana,k.maulana@hotmail.com,08887102744,03/06/25,ACTIVE
438,Qori Aditya,qori.adi38@yahoo.com,08784101809,17-05-2025,banned
439,Fitri Permana,fitri.per39@yahoo.com,08029850285,17/07/24,aktive
441,Candra Siregar,candra_sire@mail.com,08013887403,07/06/24,ACTIVE
444,cici lestari,cici_lest@outlook.com,08738598121,07/05/2025,INACTIVE
445,Erwin Aditya,erwin.aditya@outlook.com,08025544056,15-06-25,inactve
446,fajar Wibowo,fajar_wibo@yahoo.com,08412987065,23-06-2025,inactve
447,HENDRA SAPUTRA,hendra447@mail.com,08472238702,08-06-25,inactive
448,Okta Hamzah,okta_hamz@hotmail.com,08358814488,21/12/2024,aktive
449,Jihan Rahmawati,j.rahmawati@yahoo.com,08344012496,22-04-25,inactive
450,VINA HAKIM,vina.hakim@yahoo.com,08964032734,10/09/24,inactive
452,joko Kurniawan,joko452@hotmail.com,08846943685,14/12/24,aktive
453,candra putri,candra453@outlook.com,08669652535,14/04/2025,inactve
454,Lukman Yuliana,l.yuliana@gmail.com,08285890687,09-05-25,banned
455,Dian Handayani,dian.handayani@hotmail.com,08752721159,23-12-24,active
456,bella gunawan,bella456@gmail.com,08916775388,08/11/2024,inactve
457,Intan Pratama,intan_prat@yahoo.com,08112397429,30/12/2024,inactve
458,Eka Heryani,eka458@outlook.com,08654809894,14/03/2025,actve
460,budi rahmawati,b.rahmawati@yahoo.com,08470207155,10-07-24,inactve
461,OKI PERMANA,oki.permana@yahoo.com,08449359205,30/03/25,BANNED
463,Mila Kusuma,mila_kusu@hotmail.com,08519719837,2025-02-17,BANNED
464,Rian Aulia,rian.aul64@mail.com,08149302197,12/07/2024,inactve
465,Joko Rahmawati,joko_rahm@hotmail.com,08839586947,30/01/25,active
466,Bella Ramadhani,bella466@gmail.com,08548159874,26/03/25,banned
467,Vina Maharani,vina.mah67@gmail.com,08058227092,2025-01-29,baned
468,Dedi Wibowo,d.wibowo@gmail.com,08108234174,25/05/2025,baned
469,Joko Gunawan,joko.gunawan@outlook.com,08385826722,26-09-24,actve
470,Oki Maharani,oki.mah70@hotmail.com,08879771758,20-05-2025,baned
471,Okta Maharani,okta_maha@hotmail.com,08499293100,11/06/24,baned
472,DEDI YULIANA,dedi.yuliana@mail.com,08711966724,13-04-2025,ACTIVE
474,Budi Putri,b.putri@mail.com,08761957969,2024-07-19,inactive
475,Zaki Firmansyah,zaki475@gmail.com,08945276779,2024-07-21,Active
477,Vina Anggraini,vina_angg@mail.com,08231163487,26/04/2025,banned
478,Mila Gunawan,mila.gun78@yahoo.com,08265649435,2024-09-11,actve
480,fitri Pangestu,fitri.pan80@gmail.com,08511183671,17/06/2024,active
481,Candra Lestari,candra_lest@yahoo.com,08654710711,13-04-2025,baned
482,hendra handayani,hendra.han82@hotmail.com,08716510889,07/12/24,banned
483,Lina Pangestu,lina_pang@hotmail.com,08075430306,30/12/24,actve
485,Ani Pangestu,a.pangestu@hotmail.com,08925068033,03-09-24,INACTIVE
486,Lina Putri,lina.putri@yahoo.com,08445206972,13/04/2025,inactve
487,Asep Anggraini,asep487@mail.com,08515248434,25-05-2024,BANNED
488,mila Siregar,mila_sire@outlook.com,08208386534,27/05/2024,banned
489,bella lestari,bella.lestari@yahoo.com,08624006086,19/01/2025,Active
490,Lina Permana,lina.permana@mail.com,08534665080,2025-04-13,actve
491,Hendra Handayani,h.handayani@outlook.com,08602624742,17-05-24,ACTIVE
492,Eka Puspita,eka492@outlook.com,08976797419,23/04/25,active
494,LUKMAN PRATAMA,lukman.pra94@outlook.com,08145569204,28/05/24,Active
496,Asep Hamzah,a.hamzah@mail.com,08254754578,30-06-25,banned
497,Indra Aulia,indra.aulia@hotmail.com,08667307714,16/06/24,baned
498,Kartika Handayani,kartika.handayani@hotmail.com,08314459493,2025-05-20,ACTIVE
499,dedi maharani,dedi499@gmail.com,08486517760,16-10-2024,actve
500,Vina Kurniawan,v.kurniawan@outlook.com,08436006247,20-05-25,baned
501,Putri Setiadi,putri_seti@yahoo.com,08194913784,27/01/25,active
502,Galih Permana,galih_perm@hotmail.com,08466931303,2025-05-26,aktive
503,DIAN SAPUTRA,dian.saputra@yahoo.com,08390730826,13/05/24,INACTIVE
504,Okta Kurniawan,okta.kurniawan@mail.com,08600277088,10-11-24,Active
505,Fitri Maulana,fitri.mau5@hotmail.com,08147615777,25/07/24,aktive
507,Dedi Hamzah,dedi507@gmail.com,08846408624,2024-12-21,banned
508,Rian Siregar,r.siregar@yahoo.com,08595314906,23/05/24,inactive
509,Jihan Ramadhani,jihan509@outlook.com,08769368542,2025-05-06,inactve
511,Dian Rahmawati,dian.rahmawati@outlook.com,08348986162,12-03-25,actve
512,Teguh Maharani,teguh.maharani@gmail.com,08895715647,24-06-2024,baned
513,umar santoso,umar_sant@yahoo.com,08910566756,18-10-2024,banned
514,Fajar Aditya,f.aditya@outlook.com,08874919241,2024-12-09,aktive
515,Erwin Pangestu,erwin.pangestu@gmail.com,08070413815,02/07/24,active
516,YANI MAULANA,yani516@mail.com,08131381804,2024-06-23,inactve
518,Vina Heryani,vina518@outlook.com,08858545113,02-06-25,active
519,OKTA ANGGRAINI,okta_angg@yahoo.com,08372426416,03-02-25,inactive
520,Jihan Handayani,jihan.handayani@hotmail.com,08522268925,06/07/2025,banned
521,Nina Setiadi,nina521@yahoo.com,08890159447,13-06-25,actve
522,salsa maulana,salsa.mau22@hotmail.com,08393978326,2025-02-02,BANNED
523,oki firmansyah,oki.firmansyah@hotmail.com,08759392888,2025-06-13,INACTIVE
524,fajar kusuma,f.kusuma@mail.com,08768311799,30/09/2024,actve
525,Putri Kurniawan,putri_kurn@mail.com,08650036418,22-05-2025,actve
526,Vina Maharani,vina.maharani@hotmail.com,08731153249,09/06/25,active
529,JOKO WIBOWO,j.wibowo@yahoo.com,08769715802,19-04-25,INACTIVE
530,erwin pangestu,erwin530@yahoo.com,08103985734,31-03-2025,inactive
531,Fajar Lestari,f.lestari@hotmail.com,08935861302,27/02/2025,baned
532,INDRA RAHMAWATI,indra.rah32@mail.com,08600491137,05-04-2025,aktive
533,dedi Ramadhani,dedi.ram33@gmail.com,08777558986,24-05-25,inactive
534,Indra Hamzah,i.hamzah@yahoo.com,08835102349,24-10-24,inactive
535,Fajar Siregar,fajar.siregar@gmail.com,08931311052,06/08/24,active
536,TEGUH PANGESTU,teguh536@outlook.com,08593075315,04-12-24,BANNED
537,Umar Handayani,umar.handayani@gmail.com,08132971457,28/05/24,INACTIVE
538,rian Rahmawati,rian.rahmawati@yahoo.com,08707028715,26-02-25,baned
540,Nando Anggraini,nando.ang40@mail.com,08494671824,21-07-2024,BANNED
541,Qori Putri,q.putri@hotmail.com,08714869465,03/07/2024,banned
542,Eka Firmansyah,eka542@mail.com,08623044824,25-01-2025,banned
543,Rian Nugraha,rian543@hotmail.com,08063080002,04/07/25,actve
545,Gani Lestari,gani_lest@hotmail.com,08513510942,23-02-25,inactive
546,Hendra Aditya,hendra.aditya@yahoo.com,08024251991,24/05/25,baned
547,Candra Maharani,candra.mah47@mail.com,08566481015,28/02/2025,banned
548,Vina Wibowo,v.wibowo@mail.com,08303300369,2024-07-27,BANNED
549,Hani Pangestu,h.pangestu@mail.com,08214821300,05/11/24,banned
551,Teguh Firmansyah,teguh_firm@yahoo.com,08899763940,26-12-24,BANNED
552,ANI HAMZAH,ani.ham52@mail.com,08305613031,02/07/2025,active
553,Okta Permana,o.permana@gmail.com,08921536434,23-06-24,inactive
554,Oki Setiadi,oki_seti@hotmail.com,08150776844,09-10-2024,INACTIVE
555,Ani Wijaya,ani.wijaya@mail.com,08188493127,06-08-24,active
556,Hendra Hakim,h.hakim@hotmail.com,08313426219,12-09-24,baned
557,Putri Wijaya,putri.wijaya@hotmail.com,08958121949,2024-11-05,inactive
558,asep Permana,asep.per58@hotmail.com,08777392529,11/06/24,inactive
559,Nina Putri,nina.put59@yahoo.com,08805300402,12-08-2024,inactve
560,Maman Anggraini,maman.ang60@mail.com,08293103382,2024-06-09,active
562,Qori Nugraha,qori_nugr@yahoo.com,08260546233,14-12-2024,baned
563,Asep Nugraha,asep_nugr@gmail.com,08589105954,02/07/2025,active
564,Yani Kusuma,yani564@mail.com,08833745797,2024-07-13,banned
565,Fitri Putri,f.putri@yahoo.com,08686121009,02/03/2025,ACTIVE
566,fitri Hakim,fitri_haki@outlook.com,08343402112,29-10-24,active
567,Cici Aulia,c.aulia@yahoo.com,08975852274,07/05/25,aktive
568,nando saputra,nando_sapu@gmail.com,08831865500,19-03-25,baned
569,Maman Aulia,maman_auli@yahoo.com,08950871165,01-11-24,INACTIVE
570,Maman Setiadi,maman570@hotmail.com,08094531075,08/12/24,inactve
571,gani maharani,gani.maharani@hotmail.com,08356202910,30/07/2024,BANNED
573,Joko Anggraini,j.anggraini@mail.com,08026374444,26/03/25,inactve
574,Zaki Heryani,zaki_hery@hotmail.com,08339028872,03/11/2024,inactive
575,Galih Aditya,galih.aditya@outlook.com,08285635761,08-06-2025,Active
576,Okta Firmansyah,okta.fir76@outlook.com,08414983755,2024-05-13,Active
577,Asep Santoso,asep_sant@mail.com,08902807140,03/06/2025,aktive
579,Dian Wibowo,d.wibowo@outlook.com,08085445983,19-06-24,inactve
580,Dian Syahputra,d.syahputra@yahoo.com,08474783007,29/01/25,inactive
581,Ani Putri,a.putri@hotmail.com,08711695013,12-07-24,inactive
582,Bella Hamzah,bella.hamzah@hotmail.com,08260015447,22/05/2025,BANNED
584,Joko Handayani,joko584@hotmail.com,08551671581,20-01-2025,baned
585,Umar Permana,umar_perm@outlook.com,08226860140,20-11-2024,aktive
586,Mila Aulia,mila586@outlook.com,08463875334,11/03/2025,baned
587,Fitri Pangestu,fitri_pang@hotmail.com,08326695926,11/02/25,ACTIVE
588,indra aditya,i.aditya@mail.com,08092856342,06/09/2024,banned
589,Maman Aditya,maman.aditya@yahoo.com,08557040350,10/06/25,ACTIVE
590,Indra Syahputra,i.syahputra@mail.com,08663675317,08-09-2024,actve
591,Nina Yuliana,nina.yuliana@mail.com,08267859835,20/03/25,ACTIVE
592,budi siregar,budi.siregar@hotmail.com,08066779487,01-04-25,inactve
593,Dian Santoso,dian.santoso@yahoo.com,08736017432,26/04/25,baned
596,Fajar Maulana,fajar_maul@outlook.com,08326674499,2024-08-17,banned
597,Eka Wibowo,eka.wibowo@mail.com,08718265227,25-09-2024,inactive
598,Zaki Setiadi,z.setiadi@gmail.com,08370302488,18/08/24,baned
599,WAWAN FIRMANSYAH,wawan_firm@yahoo.com,08529466330,29-06-24,aktive
600,Maman Setiadi,maman.setiadi@mail.com,08419479338,29-09-24,ACTIVE
601,Fajar Anggraini,fajar_angg@yahoo.com,08564660799,24/06/2024,Active
602,Teguh Setiadi,teguh.set2@hotmail.com,08097882618,23-09-2024,Active
603,Kiki Siregar,kiki.siregar@gmail.com,08585371257,2025-05-13,ACTIVE
604,maman Pratama,maman604@hotmail.com,08789473857,19-03-2025,actve
606,Rian Heryani,rian.her6@hotmail.com,08304385159,25-09-24,inactve
607,Eka Handayani,e.handayani@outlook.com,08893376090,23/04/25,actve
608,Galih Siregar,galih.sir8@hotmail.com,08069461638,2025-04-11,banned
609,Budi Hakim,budi.hakim@outlook.com,08434064348,01-04-25,inactve
610,FAJAR SANTOSO,fajar.san10@outlook.com,08525217709,30-04-2025,INACTIVE
611,dedi syahputra,dedi_syah@gmail.com,08995342508,2024-11-02,banned
613,TEGUH FIRMANSYAH,teguh_firm@outlook.com,08075597831,18/06/2024,ACTIVE
614,nina saputra,nina.saputra@mail.com,08133552088,14-03-25,BANNED
615,Joko Firmansyah,joko615@mail.com,08276011583,22/01/25,inactve
617,Kartika Pratama,k.pratama@hotmail.com,08719279538,17/12/2024,inactive
618,qori yuliana,qori618@outlook.com,08616394632,06/03/2025,inactve
619,Eka Gunawan,eka619@gmail.com,08391304039,11/04/2025,baned
620,Okta Gunawan,o.gunawan@hotmail.com,08539176395,01-08-24,banned
621,Dian Yuliana,dian.yuliana@yahoo.com,08501457509,01/03/25,INACTIVE
622,Indra Setiadi,indra622@outlook.com,08033863735,30-08-24,actve
623,Kartika Hakim,kartika.hak23@outlook.com,08034096317,15/06/25,BANNED
624,Nina Hamzah,nina624@gmail.com,08897496300,14-11-2024,ACTIVE
625,Dian Anggraini,d.anggraini@hotmail.com,08048516979,23/10/2024,inactve
626,Gani Nugraha,g.nugraha@gmail.com,08070116098,2024-08-25,baned
628,Putri Permana,putri628@mail.com,08793229206,21/12/24,Active
630,Putri Gunawan,putri.gun30@yahoo.com,08384162734,02-08-24,Active
631,Nina Hakim,nina.hak31@mail.com,08324363314,03-02-2025,INACTIVE
632,Nando Nugraha,nando.nugraha@gmail.com,08834134847,20-10-2024,actve
633,Qori Hakim,qori633@hotmail.com,08354874091,08-01-2025,baned
634,Salsa Santoso,salsa.santoso@yahoo.com,08944898699,2024-05-13,INACTIVE
635,candra wibowo,candra.wibowo@hotmail.com,08845118411,08-05-2025,banned
636,Kartika Ramadhani,kartika_rama@gmail.com,08849536897,27/11/24,BANNED
637,Eka Anggraini,eka.ang37@mail.com,08105185067,06/07/25,banned
639,Fajar Maharani,fajar_maha@outlook.com,08133750015,2024-10-20,INACTIVE
640,candra syahputra,candra.sya40@mail.com,08866151878,22-07-2024,ACTIVE
641,Erwin Hakim,erwin641@mail.com,08941216958,01-09-24,BANNED
642,Dian Maharani,dian_maha@yahoo.com,08180562507,30/05/2025,baned
643,Intan Permana,intan.permana@yahoo.com,08966679766,13-05-25,Active
644,eka nugraha,e.nugraha@hotmail.com,08772222614,21/03/25,BANNED
645,Ani Wibowo,a.wibowo@hotmail.com,08020538390,15/10/2024,inactve
647,Hendra Maharani,hendra647@gmail.com,08522905156,10/02/2025,actve
648,Nina Syahputra,nina.sya48@mail.com,08328438070,01/03/2025,active
650,Bella Lestari,b.lestari@yahoo.com,08529521439,18/06/25,banned
651,WAWAN HANDAYANI,w.handayani@yahoo.com,08208059189,25-09-2024,inactive
652,Joko Ramadhani,joko_rama@hotmail.com,08909448261,22-03-2025,inactve
653,Lina Lestari,lina_lest@hotmail.com,08275192763,07-05-25,Active
654,cici puspita,cici_pusp@gmail.com,08615771644,2024-08-05,active
655,cici hakim,cici_haki@mail.com,08171398171,06/07/25,BANNED
656,Qori Nugraha,qori.nugraha@yahoo.com,08871645974,11-06-24,aktive
657,Asep Maharani,a.maharani@mail.com,08445663406,31-07-2024,inactve
658,Ani Santoso,ani.san58@hotmail.com,08025161255,15/03/25,active
659,salsa Santoso,salsa.santoso@hotmail.com,08735614767,31/10/2024,baned
661,Nando Aditya,nando661@yahoo.com,08015792167,2024-12-11,Active
662,Maman Wibowo,maman.wib62@outlook.com,08497060663,06/08/2024,baned
664,Hendra Yuliana,h.yuliana@yahoo.com,08529884494,2024-07-21,actve
665,Wawan Saputra,wawan.saputra@mail.com,08160065710,2024-06-13,inactve
666,Budi Hakim,budi666@hotmail.com,08531888715,25-06-25,ACTIVE
667,umar maharani,umar.mah67@mail.com,08705286267,2024-10-16,active
668,Putri Saputra,p.saputra@gmail.com,08709037281,26/01/2025,baned
669,YANI SETIADI,yani.set69@gmail.com,08178267811,28-11-24,Active
670,fajar rahmawati,fajar_rahm@yahoo.com,08209842247,21/05/2024,actve
672,asep hakim,asep672@gmail.com,08923779911,02-08-2024,Active
673,Nando Saputra,n.saputra@hotmail.com,08797849249,11-05-25,inactive
674,gani Firmansyah,gani_firm@mail.com,08929477096,04-06-25,baned
675,Gani Maharani,gani675@gmail.com,08005242137,25-06-24,actve
676,Nando Rahmawati,nando676@gmail.com,08344101697,11/06/24,INACTIVE
677,Hendra Hakim,hendra.hak77@gmail.com,08411649819,16/02/25,Active
678,Cici Heryani,c.heryani@gmail.com,08608908937,2024-07-14,baned
679,Lukman Pratama,lukman.pra79@mail.com,08242494500,16/12/2024,actve
681,Dedi Nugraha,dedi681@gmail.com,08378510412,28-04-2025,INACTIVE
683,Oki Syahputra,o.syahputra@yahoo.com,08311967681,25/06/2024,ACTIVE
684,Yani Maharani,yani.maharani@gmail.com,08852864062,2025-03-21,banned
685,Mila Pratama,mila.pratama@hotmail.com,08209555112,10-08-24,INACTIVE
686,ani maulana,ani.mau86@yahoo.com,08003476133,2024-05-21,INACTIVE
687,Indra Hakim,indra.hakim@gmail.com,08781530073,06-09-24,ACTIVE
688,INDRA KURNIAWAN,i.kurniawan@outlook.com,08177053811,02-12-2024,aktive
689,budi Maulana,budi689@mail.com,08528779263,10-10-24,Active
690,GANI GUNAWAN,gani.gun90@hotmail.com,08753924331,2024-12-19,active
691,oki Syahputra,oki.sya91@yahoo.com,08897938542,2024-05-21,active
692,Budi Hakim,budi.hak92@hotmail.com,08670937436,23-11-2024,aktive
694,Ani Gunawan,ani_guna@outlook.com,08504021661,2025-05-30,banned
695,Intan Heryani,intan.heryani@yahoo.com,08573672588,11/06/2024,INACTIVE
696,Jihan Anggraini,jihan.anggraini@yahoo.com,08433404825,28/05/2024,inactve
698,Oki Setiadi,oki_seti@mail.com,08240522004,30-12-2024,Active
699,Intan Aulia,intan699@hotmail.com,08322494374,19/06/24,actve
700,Cici Putri,c.putri@hotmail.com,08163202904,01-05-2025,ACTIVE
701,Gani Yuliana,gani701@mail.com,08855329688,2024-07-26,ACTIVE
702,dian Ramadhani,d.ramadhani@yahoo.com,08789320245,24-01-25,banned
703,kartika Nugraha,k.nugraha@mail.com,08300186632,03/06/24,actve
705,Lina Firmansyah,l.firmansyah@yahoo.com,08973135907,08/05/2025,ACTIVE
706,Vina Setiadi,vina706@yahoo.com,08909657188,01-11-2024,BANNED
707,Joko Siregar,j.siregar@outlook.com,08212507050,22-05-25,INACTIVE
708,Fajar Pangestu,fajar708@gmail.com,08555630235,04/07/2024,banned
709,umar Firmansyah,umar_firm@mail.com,08869792905,10/05/25,INACTIVE
710,Cici Rahmawati,cici710@gmail.com,08729091014,16/01/2025,Active
711,WAWAN RAMADHANI,wawan_rama@yahoo.com,08873362668,11-07-24,inactve
712,Intan Lestari,intan712@yahoo.com,08798895954,27-02-2025,inactve
713,Nando Permana,nando_perm@yahoo.com,08888810230,24-06-25,inactive
716,Wawan Wibowo,wawan.wib16@outlook.com,08924653569,13-01-25,inactve
717,zaki Ramadhani,zaki.ram17@hotmail.com,08297837897,07/11/2024,baned
718,Rian Lestari,rian718@yahoo.com,08601505692,23/09/2024,active
719,Umar Wijaya,umar719@gmail.com,08571754667,16-06-25,aktive
720,Umar Putri,umar_putr@yahoo.com,08726924090,29/11/24,inactve
722,ERWIN NUGRAHA,erwin722@yahoo.com,08336033085,06-06-2025,actve
723,Vina Handayani,vina.handayani@gmail.com,08215765119,01-06-2025,aktive
724,Maman Siregar,m.siregar@mail.com,08020354075,19/03/25,Active
725,erwin Maharani,erwin725@outlook.com,08908577493,2024-10-21,Active
727,Budi Aditya,budi_adit@hotmail.com,08907502954,2025-03-01,BANNED
728,Erwin Lestari,e.lestari@hotmail.com,08420863148,24-07-24,BANNED
729,joko Hakim,joko729@yahoo.com,08569981467,2024-12-03,BANNED
730,umar Hamzah,umar730@hotmail.com,08245636601,26-05-24,active
732,Salsa Kusuma,salsa.kusuma@outlook.com,08289893022,17-04-25,inactve
733,intan Rahmawati,intan.rahmawati@yahoo.com,08861965613,2024-06-17,BANNED
734,Intan Wibowo,i.wibowo@mail.com,08447718927,2024-10-14,inactive
735,Putri Aditya,p.aditya@gmail.com,08798653275,04-09-2024,BANNED
736,Rian Wijaya,r.wijaya@mail.com,08283578178,29-07-24,inactve
738,Vina Heryani,vina.heryani@hotmail.com,08055062338,22-11-24,actve
739,indra gunawan,indra.gunawan@outlook.com,08971896925,29/03/2025,Active
740,Kiki Kusuma,kiki_kusu@mail.com,08413105819,05-12-2024,inactve
741,Jihan Wijaya,jihan_wija@mail.com,08319619681,2024-12-21,ACTIVE
742,okta wibowo,okta.wibowo@yahoo.com,08186581269,30/06/2024,INACTIVE
743,cici pangestu,cici743@gmail.com,08337131729,05-06-24,baned
744,Nando Rahmawati,nando.rah44@hotmail.com,08900259691,05-05-25,banned
745,RIAN ANGGRAINI,rian.ang45@mail.com,08472176938,08/06/24,actve
746,okta Kurniawan,o.kurniawan@gmail.com,08702873012,04/10/2024,actve
747,Umar Pratama,umar.pratama@gmail.com,08205323186,03-06-2025,ACTIVE
749,Vina Putri,vina749@gmail.com,08943753827,2025-06-24,Active
750,Budi Hakim,budi_haki@gmail.com,08914190998,27/08/2024,inactive
751,Vina Hakim,vina_haki@yahoo.com,08370332064,2024-08-05,Active
752,Kiki Ramadhani,k.ramadhani@hotmail.com,08259004486,23/06/24,active
754,Okta Hakim,okta_haki@gmail.com,08697232656,31-07-24,aktive
755,Nina Setiadi,nina_seti@yahoo.com,08879667665,16/01/25,active
756,bella pratama,bella756@gmail.com,08477325918,12-02-2025,actve
757,GANI ADITYA,gani.aditya@outlook.com,08098402068,22-02-2025,banned
758,Budi Syahputra,b.syahputra@yahoo.com,08678851047,05/06/24,inactve
760,Putri Handayani,p.handayani@outlook.com,08648968652,21/05/2025,banned
761,Maman Hakim,maman_haki@mail.com,08021374846,18/06/24,ACTIVE
762,candra Pangestu,candra.pangestu@gmail.com,08112078315,17/11/24,baned
763,Vina Wijaya,vina763@hotmail.com,08513299050,11-04-2025,INACTIVE
764,Indra Nugraha,indra764@gmail.com,08634723721,18/05/2024,banned
766,fitri Hakim,fitri.hakim@yahoo.com,08570473296,2024-11-06,inactive
767,Lukman Wibowo,lukman_wibo@hotmail.com,08079908775,28/02/2025,aktive
768,Yani Pratama,yani768@yahoo.com,08243347708,28/02/25,actve
769,Lukman Aditya,lukman769@gmail.com,08851258362,2025-02-23,ACTIVE
771,Salsa Heryani,salsa.her71@yahoo.com,08911196914,2024-10-31,inactve
772,Candra Maharani,candra_maha@mail.com,08621488467,10/08/2024,active
773,Intan Yuliana,i.yuliana@mail.com,08336275718,02-02-2025,active
774,Ani Pangestu,ani774@hotmail.com,08628703742,09/11/24,active
775,wawan firmansyah,wawan775@gmail.com,08639797330,25/07/24,BANNED
776,Cici Permana,cici.per76@yahoo.com,08206239984,07-07-2024,active
777,Kartika Setiadi,kartika_seti@mail.com,08052775430,28/07/2024,actve
778,Wawan Yuliana,wawan778@yahoo.com,08206833994,2025-01-12,inactive
779,Fitri Wijaya,fitri.wij79@outlook.com,08485654182,20-04-2025,active
780,Kiki Pratama,kiki.pra80@gmail.com,08970071372,24/06/2025,active
783,Vina Santoso,v.santoso@yahoo.com,08857118666,08-09-2024,inactive
784,Umar Hamzah,umar.hamzah@outlook.com,08700601521,09/01/2025,actve
785,Asep Saputra,asep_sapu@hotmail.com,08245090198,04/10/24,inactive
786,ANI RAMADHANI,ani.ramadhani@mail.com,08284773289,01/09/24,inactve
787,ANI SANTOSO,ani_sant@mail.com,08834680971,27-04-2025,baned
788,Fajar Pratama,fajar_prat@outlook.com,08082851319,13-04-25,active
789,Intan Maulana,intan_maul@gmail.com,08575148596,2024-12-14,inactve
790,Intan Wijaya,intan790@yahoo.com,08934022158,15-08-24,actve
791,Maman Permana,maman791@gmail.com,08611560698,31-01-2025,inactive
793,hani Hamzah,h.hamzah@hotmail.com,08666023085,21-04-25,BANNED
794,Eka Rahmawati,eka794@outlook.com,08145126469,18/03/2025,INACTIVE
795,Fajar Syahputra,f.syahputra@outlook.com,08903665617,2024-09-25,ACTIVE
796,Dian Yuliana,dian_yuli@hotmail.com,08989249132,15-01-2025,banned
797,qori aulia,qori.aulia@hotmail.com,08739148904,10/10/2024,banned
798,INDRA ANGGRAINI,i.anggraini@outlook.com,08045340224,19/06/25,aktive
800,Kiki Maulana,kiki.mau0@gmail.com,08295980779,10-03-2025,BANNED
801,Umar Wijaya,umar801@outlook.com,08809231993,10/06/25,BANNED
802,Cici Maulana,c.maulana@hotmail.com,08145343207,18/01/25,BANNED
804,Candra Wibowo,candra.wib4@outlook.com,08941012330,01-07-2025,inactve
805,Fitri Ramadhani,fitri_rama@outlook.com,08265337682,03-12-2024,active
806,rian Aditya,rian_adit@mail.com,08391185225,2025-01-27,baned
807,WAWAN AULIA,wawan_auli@yahoo.com,08522367419,17-03-25,inactive
808,Asep Pratama,asep808@mail.com,08045531307,2024-07-11,baned
809,Bella Kusuma,bella809@gmail.com,08293572799,02/04/25,inactve
810,Mila Ramadhani,mila_rama@outlook.com,08872711928,14/01/2025,ACTIVE
811,Kartika Hamzah,kartika.hamzah@hotmail.com,08068332764,10/10/24,ACTIVE
812,Jihan Aditya,jihan812@mail.com,08899308428,29/01/25,aktive
813,Asep Rahmawati,asep_rahm@yahoo.com,08397345517,2025-03-28,Active
815,Joko Heryani,joko.her15@hotmail.com,08145197674,2024-11-27,aktive
817,EKA SETIADI,eka.set17@outlook.com,08263494141,2024-09-18,active
818,MILA KURNIAWAN,mila.kur18@gmail.com,08565465785,23/04/2025,aktive
819,Cici Ramadhani,cici_rama@mail.com,08834289395,2024-07-21,inactive
820,rian santoso,rian820@gmail.com,08543361653,17/02/2025,actve
821,teguh Syahputra,teguh821@gmail.com,08584876151,2024-10-12,banned
822,eka anggraini,eka822@outlook.com,08842521864,2024-09-15,Active
823,ani pratama,ani.pra23@yahoo.com,08429178174,2025-03-29,active
824,kartika aulia,k.aulia@mail.com,08171636622,17-10-2024,INACTIVE
826,nina puspita,nina_pusp@gmail.com,08774552416,19/08/2024,inactive
827,jihan kusuma,j.kusuma@yahoo.com,08854133605,17-11-24,ACTIVE
828,hani heryani,hani.heryani@mail.com,08862070978,13/05/2025,baned
829,Bella Putri,bella829@gmail.com,08652943849,01/04/2025,baned
830,qori maharani,qori830@mail.com,08743114545,01/12/24,Active
831,kiki siregar,kiki.sir31@gmail.com,08658942467,03-09-2024,inactve
832,Qori Hakim,qori_haki@outlook.com,08398840759,30/05/2025,inactive
834,Qori Syahputra,qori.syahputra@mail.com,08542551564,08-07-2024,Active
835,dedi heryani,d.heryani@gmail.com,08453226809,29-06-24,INACTIVE
837,Hendra Nugraha,hendra.nug37@yahoo.com,08589578020,09-10-24,actve
838,Kiki Pangestu,kiki.pan38@yahoo.com,08569022394,12-07-2024,active
840,Jihan Pratama,jihan840@hotmail.com,08538226653,24/02/2025,Active
841,maman lestari,maman.lestari@mail.com,08091035988,26/09/2024,BANNED
842,Wawan Yuliana,wawan.yul42@yahoo.com,08309736079,26-10-2024,active
843,DEDI KURNIAWAN,dedi843@mail.com,08190327844,06/10/24,baned
844,FITRI ADITYA,fitri844@gmail.com,08190163133,22-07-2024,aktive
845,Dian Hakim,dian845@hotmail.com,08797903039,23-09-24,actve
846,Gani Kusuma,gani_kusu@gmail.com,08221856998,18-01-2025,aktive
848,WAWAN HAMZAH,wawan_hamz@gmail.com,08879662519,13/02/25,BANNED
849,hani Pangestu,hani849@mail.com,08917151861,23/06/25,aktive
851,Bella Heryani,bella_hery@gmail.com,08870813477,16/03/2025,baned
852,MILA SYAHPUTRA,m.syahputra@gmail.com,08042947640,01/06/24,banned
853,Bella Puspita,b.puspita@outlook.com,08280047589,26-11-2024,Active
854,Zaki Pratama,zaki.pratama@hotmail.com,08283130430,06/10/24,inactive
855,Fajar Nugraha,f.nugraha@yahoo.com,08635056705,07-09-2024,inactive
856,Salsa Aulia,salsa856@gmail.com,08371588664,04/11/24,banned
857,Galih Siregar,galih_sire@yahoo.com,08546462508,10-03-25,active
859,Maman Wibowo,m.wibowo@mail.com,08412057946,2024-07-05,INACTIVE
861,Qori Puspita,qori.pus61@outlook.com,08059551714,2024-12-09,banned
862,QORI SAPUTRA,qori.saputra@outlook.com,08374873320,17-06-25,actve
863,Indra Handayani,i.handayani@mail.com,08615088392,02/09/24,ACTIVE
864,Candra Firmansyah,c.firmansyah@outlook.com,08205921624,2024-07-28,inactive
865,Hani Yuliana,hani.yuliana@hotmail.com,08696748084,26/06/24,active
866,ANI LESTARI,ani866@hotmail.com,08349940974,26/02/2025,aktive
868,Intan Yuliana,intan.yuliana@hotmail.com,08170924719,06-02-25,inactive
870,HANI HAKIM,h.hakim@outlook.com,08684575662,10-12-2024,BANNED
871,Ani Maharani,ani.maharani@mail.com,08074760965,08-07-2024,aktive
872,Budi Handayani,budi872@yahoo.com,08249134090,15/01/25,BANNED
873,Intan Pangestu,intan.pan73@yahoo.com,08840007581,17/10/24,baned
874,Joko Yuliana,joko874@outlook.com,08791762485,2024-12-06,Active
875,Cici Kurniawan,cici_kurn@outlook.com,08753227432,2024-06-13,active
876,Hendra Kusuma,hendra876@gmail.com,08968421614,2024-08-26,actve
877,Salsa Syahputra,salsa877@hotmail.com,08229552744,30/07/2024,inactve
879,Fitri Setiadi,fitri_seti@yahoo.com,08464543107,16-06-25,inactive
881,Nina Putri,nina.put81@gmail.com,08478586020,2024-11-06,actve
882,Putri Setiadi,putri882@outlook.com,08274270036,01/06/25,Active
883,Rian Pratama,rian.pra83@yahoo.com,08075621822,28/08/2024,active
885,Maman Maharani,maman_maha@outlook.com,08117405269,25/07/2024,ACTIVE
886,intan setiadi,intan_seti@hotmail.com,08948920118,2025-04-21,actve
887,Umar Pratama,umar.pratama@outlook.com,08403427041,22/10/24,ACTIVE
888,Umar Firmansyah,umar888@outlook.com,08028790532,31-03-2025,inactve
889,Rian Syahputra,rian889@gmail.com,08692177751,05-03-25,inactve
890,Lina Saputra,l.saputra@outlook.com,08211940719,11/06/2025,BANNED
892,candra Handayani,c.handayani@gmail.com,08273049433,09/02/25,BANNED
893,DEDI PUTRI,dedi.put93@hotmail.com,08978604248,10-05-25,aktive
894,Putri Nugraha,p.nugraha@gmail.com,08766779471,02/06/24,INACTIVE
895,Mila Heryani,mila.her95@hotmail.com,08647413055,23/06/2024,actve
896,Budi Lestari,budi.les96@gmail.com,08442728388,18-10-24,active
897,Lukman Handayani,lukman_hand@mail.com,08548653511,19-05-25,active
898,Gani Handayani,g.handayani@mail.com,08816746353,02-07-25,banned
899,CICI FIRMANSYAH,cici.firmansyah@gmail.com,08931481660,03-06-2025,inactve
900,Dian Wibowo,d.wibowo@mail.com,08760007402,01/10/2024,BANNED
903,Fitri Firmansyah,fitri_firm@yahoo.com,08797759186,2025-01-28,BANNED
904,intan gunawan,i.gunawan@hotmail.com,08687122476,03-07-2024,aktive
905,budi Maharani,budi_maha@gmail.com,08267670888,14/03/2025,INACTIVE
906,gani maulana,gani_maul@yahoo.com,08888056298,25/04/2025,Active
907,ZAKI KUSUMA,zaki.kus7@outlook.com,08338998823,2024-12-15,inactive
908,Umar Wibowo,umar.wib8@outlook.com,08147070468,01/08/24,actve
909,joko hamzah,j.hamzah@hotmail.com,08079399081,21-07-2024,BANNED
910,Nina Wijaya,nina.wijaya@mail.com,08561653320,18/02/2025,banned
911,Fajar Kurniawan,fajar.kur11@gmail.com,08719414715,28-04-25,active
912,Vina Putri,v.putri@hotmail.com,08532843509,19-09-2024,inactive
914,Indra Maulana,indra914@hotmail.com,08495825589,10-03-2025,baned
915,asep Heryani,asep_hery@yahoo.com,08421985083,30-08-2024,Active
916,NINA HAMZAH,nina.hamzah@mail.com,08348784794,21-09-2024,aktive
917,dedi santoso,d.santoso@mail.com,08911464409,24/08/24,aktive
919,Kiki Gunawan,kiki.gun19@yahoo.com,08942212277,10/12/2024,active
920,Nando Maulana,nando.maulana@hotmail.com,08781038627,20/09/2024,ACTIVE
921,Vina Pratama,vina921@outlook.com,08522287089,12-06-24,BANNED
922,MILA KURNIAWAN,mila_kurn@hotmail.com,08976265593,26/05/2025,BANNED
923,Hani Saputra,hani_sapu@yahoo.com,08757281114,30/03/2025,BANNED
925,Bella Permana,bella_perm@outlook.com,08258937768,20/03/25,BANNED
926,nando pratama,n.pratama@hotmail.com,08018335000,20-06-2024,inactive
927,Dedi Pangestu,dedi.pan27@gmail.com,08033287957,2024-06-22,inactive
928,teguh Hakim,teguh.hak28@gmail.com,08478280882,27/01/25,inactive
929,Galih Santoso,galih_sant@mail.com,08272324886,31/10/24,actve
930,Yani Nugraha,yani930@mail.com,08300813536,18/06/2024,ACTIVE
931,Nando Hamzah,nando_hamz@outlook.com,08656813942,22/01/2025,Active
932,bella kurniawan,bella.kur32@mail.com,08776004796,21/10/24,BANNED
933,asep Maulana,asep.maulana@mail.com,08416117138,06-03-25,ACTIVE
934,MILA KUSUMA,mila934@gmail.com,08370661985,2025-06-02,inactve
936,Maman Pangestu,maman.pan36@hotmail.com,08626366753,07-12-2024,banned
937,Eka Saputra,eka.saputra@outlook.com,08258752462,12/08/24,ACTIVE
938,Mila Kurniawan,mila.kur38@hotmail.com,08044518184,2024-07-08,inactive
939,kiki lestari,kiki.les39@hotmail.com,08401719274,19-11-2024,ACTIVE
940,SALSA WIJAYA,salsa_wija@outlook.com,08245106690,21/06/2024,ACTIVE
941,Oki Wibowo,o.wibowo@yahoo.com,08976694187,2024-11-10,BANNED
942,budi hamzah,budi_hamz@yahoo.com,08162333480,16/05/2025,INACTIVE
943,Ani Rahmawati,ani.rah43@gmail.com,08049930433,24-08-24,inactive
944,ani santoso,a.santoso@gmail.com,08501064288,06/01/2025,INACTIVE
945,Dian Aditya,dian_adit@mail.com,08966386800,18/06/2024,banned
947,Bella Hamzah,bella.hamzah@outlook.com,08154385455,15/06/2024,INACTIVE
948,Lukman Aditya,l.aditya@yahoo.com,08953128795,30/03/25,aktive
949,Candra Hakim,candra_haki@mail.com,08231414559,17-06-2025,aktive
950,Mila Nugraha,mila_nugr@yahoo.com,08186687733,23-04-2025,inactve
951,Vina Pratama,vina_prat@gmail.com,08543871763,04-05-2025,inactive
954,Rian Lestari,rian_lest@mail.com,08048806248,12-04-25,actve
955,fitri pangestu,fitri.pan55@mail.com,08794989053,04-03-2025,banned
956,Teguh Saputra,teguh.sap56@gmail.com,08297601338,2025-01-26,BANNED
958,LINA MAHARANI,l.maharani@outlook.com,08279394508,22-03-25,Active
959,Gani Pratama,gani_prat@gmail.com,08603790435,21/05/25,active
960,ASEP WIJAYA,asep960@mail.com,08321034126,22/11/24,INACTIVE
961,Galih Maulana,galih_maul@yahoo.com,08302936403,13-12-2024,baned
962,Joko Pangestu,joko.pan62@yahoo.com,08846026142,03/02/25,baned
963,Galih Firmansyah,g.firmansyah@hotmail.com,08701906600,2025-06-03,inactive
964,Salsa Aditya,s.aditya@hotmail.com,08459104040,28/05/24,active
965,yani Maharani,y.maharani@mail.com,08026288902,02-03-2025,ACTIVE
966,Hendra Hakim,hendra966@yahoo.com,08004265049,03-01-2025,baned
967,Qori Syahputra,qori_syah@outlook.com,08718357017,27/03/2025,inactive
970,kartika maharani,kartika.mah70@outlook.com,08051114843,05/10/2024,inactve
971,INTAN SYAHPUTRA,intan_syah@hotmail.com,08520075134,28-08-24,aktive
972,salsa hamzah,salsa.ham72@mail.com,08070022548,27-04-25,banned
973,Intan Rahmawati,intan.rahmawati@mail.com,08488739077,2024-08-06,actve
974,Kiki Saputra,kiki.sap74@mail.com,08946339558,25/02/25,inactve
975,asep handayani,a.handayani@hotmail.com,08621277025,2024-05-31,aktive
976,Okta Puspita,o.puspita@gmail.com,08704418314,2024-09-15,inactve
977,dedi Gunawan,dedi977@yahoo.com,08677616507,2025-06-13,baned
978,jihan Putri,jihan978@outlook.com,08890144703,29/11/24,banned
980,Galih Ramadhani,g.ramadhani@mail.com,08438025115,17/11/24,ACTIVE
981,gani Nugraha,gani981@gmail.com,08581863525,2024-07-24,banned
982,TEGUH PRATAMA,t.pratama@gmail.com,08605777369,06/07/25,actve
983,Joko Firmansyah,j.firmansyah@outlook.com,08872070377,25-10-2024,BANNED
984,Ani Pratama,ani_prat@mail.com,08416271827,27-09-2024,BANNED
985,Kartika Kusuma,kartika.kusuma@outlook.com,08343190200,05-10-24,active
987,hendra puspita,hendra_pusp@yahoo.com,08807415735,04-10-2024,Active
988,Oki Aulia,oki.aulia@hotmail.com,08277418585,05/07/25,Active
989,Indra Putri,indra.put89@gmail.com,08282784604,17-12-2024,baned
991,Lukman Aulia,lukman991@gmail.com,08665023253,05-10-24,actve
992,Intan Pangestu,intan992@gmail.com,08373688527,02-05-2025,active
993,Lukman Putri,lukman_putr@gmail.com,08019580346,23-09-2024,aktive
994,Umar Kusuma,umar.kusuma@outlook.com,08499577984,2024-12-18,banned
995,Qori Pratama,qori.pratama@outlook.com,08622656012,29/12/24,BANNED
996,Indra Nugraha,indra.nug96@gmail.com,08666534063,05-01-2025,inactve
997,Indra Setiadi,i.setiadi@outlook.com,08077193834,16/08/2024,inactive
998,Kartika Maulana,k.maulana@yahoo.com,08534128291,03/06/2024,inactive
999,Ani Kurniawan,ani.kurniawan@hotmail.com,08112973728,25-07-2024,INACTIVE
1000,Eka Pratama,eka1000@mail.com,08550679428,12-09-2024,active
